id,username,tweet
133e16,govlarryhogan,"COVID-19 has returned to our state in a big way, and we must fight back with every tool at our disposal. We are constantly monitoring all of our key metrics and will take additional actions if the situation continues to deteriorate."
134e16,nygovcuomo,"Delivering an update on the state's COVID-19 response.  I am joined now by @RepJeffries, @RepGraceMeng, @RepKarenBass, @JoaquinCastro &amp; @RepDebHaaland.  Watch Live:  https://t.co/TeJ00eVsci"
125e16,govmlg,"Stay home unless it is absolutely essential. Act as if you have the virus and take every possible precaution to avoid spreading it in your community ‚Äì stay home.

#StayHomeSaveLives #AllTogetherNM"
124e16,gavinnewsom,"Families should not lose their homes because of COVID-19.  Very pleased that Wells Fargo, Citi, JPMorgan, and US Bank have agreed to a 90 day grace period for mortgage payments for those impacted by #COVID19.

A big sigh of relief for millions of CA families."
13e17,dougburgum,"The highly skilled team at the @NDDOH State Lab is dedicated to producing high-quality, consistently accurate COVID-19 test results. In this video, Dr. Stahl explains the steps involved in the process. #MaskUpND"
13e17,govevers,"Wisconsin workers continue to face financial burdens and stress due to the COVID-19 pandemic, and we are working hard to ensure folks across the state are able to access the support they need.   https://t.co/Fb4wNDfqQQ"
128e16,governortomwolf,"üîπ Social distancing, masking, and other safety measures must be in place to protect workers and patrons.

üîπ Occupancy is limited to 25% for indoor dining, including staff."
124e16,govraimondo,Students: Please take this seriously. You need to keep up with your assignments and put as much effort into your education as you do when you‚Äôre at school. This is not an extended vacation. Let‚Äôs buckle down and continue school from your home every day.
13e17,govmikedewine,Some reopening requirements include:   ‚úÖLimited capacity ‚úÖLimited entry sites ‚úÖDaily screenings ‚úÖBaseline &amp; repeat testing ‚úÖFace coverings ‚úÖCohorting ‚úÖThorough cleaning  We worked w/ the Ohio Association of Senior Centers and others to develop this plan.
129e16,governortomwolf,"I want to talk about the transphobic incident involving the Bloomsburg Fair.

This is the latest in a relentless series of vile slurs directed at Secretary of Health Dr. Rachel Levine ‚Äî a highly skilled and accomplished member of my administration."
128e16,govjanetmills,"Maine reported only eight new COVID-19 cases today and we are only one of two states that is reporting a decline in cases. That is, of course, welcome and encouraging news. But I want to be clear: it cannot be cause for celebration, as much as we want it to be. 1/"
126e16,asahutchinson,I‚Äôm holding a news conference at 1:30pm today to provide an update on our COVID-19 response. You can watch here:  https://youtu.be/bZFFY7ue0y0¬†
126e16,govparsonmo,"Reopening Missouri will NOT just be the flip of a switch. The virus is still out there. Continue to maintain social distancing to protect yourself & others.

For our recovery to be successful, it is going to take EVERYONE taking proactive steps to mitigate the risk of COVID-19. pic.twitter.com/tF53FC9mFg"
125e16,govinslee,"We're looking into options to reduce the number of people inside state prison facilities. Public safety and the health of our incarcerated individuals is at the forefront of these decisions. 

We‚Äôll have more to say on this soon. 2/5"
128e16,nc_governor,"At 3 PM, Gov. Cooper will be giving an update on COVID-19 and K-12 public schools. Watch live here:  https://t.co/rwEz4lEZNG"
129e16,govmurphy,Holding a COVID-19 briefing. WATCH: https://www.pscp.tv/w/cem59zFvTlFscGRXQVd6UXd8MWRqeFhvd2dPQWVKWiiQnVEGm1xKBerxqoiRzEPUFIr1Ew2t8VJkhYAdPUqp¬†‚Ä¶
134e16,nygovcuomo,"Today's update on the numbers:  Total COVID hospitalizations are at 5,164.  Of the 197,406 tests reported yesterday, 10,178 were positive (5.15% of total).  Sadly, there were 92 fatalities.  https://t.co/tqqv3hcpmk"
13e17,oregongovbrown,"I'm leading a coalition of Governors from CA, WI, NC, NV, NJ, MN &amp; MI to keep voting safe, accessible &amp; secure in light of the unprecedented attacks on voting rights. During this pandemic, we must ensure no one has to choose between their health &amp; safety and their right to vote."
125e16,govnedlamont,"HAPPENING NOW: News briefing to discuss the latest COVID-19 updates.

WATCH LIVE: https://youtu.be/z01EcoaR1kk¬†"
122e16,govphilscott,"From county to county, there‚Äôs a huge gap between median home values, median household income, average wage & so much more... across the state, we‚Äôre feeling the negative impacts in everything from our homes, schools & colleges to our hospitals & nursing homes. #VTSOTS"
133e16,govevers,"Thanks, @SenatorBaldwin! Kathy and I #MaskUp for Wisconsinites all across our state. The sooner we get this virus under control, the sooner we can all get back to our Wisconsin way of life safely.    @LGMandelaBarnes, why do you mask up?  https://t.co/LYIhuNXbP7"
129e16,governortomwolf,Today I'm at Susquehanna Township Police headquarters to talk about the enforcement of #COVID19 mitigation orders.  Masks are required to be worn in all public spaces. Law enforcement officials are able to cite Pennsylvanians who aren't wearing a mask in public.  https://t.co/oxNNz8lAWV
124e16,govlaurakelly,I know that abiding by the statewide stay-home order I issued this morning is difficult. But remember: We‚Äôre in this together. Stay home. Stay safe. pic.twitter.com/CBiImmMxYg
133e16,govmikedewine,"If we continue to see cases on the rise, hospitalizations will be on the rise for another two weeks after cases peak. We need the citizens of Ohio to take masking, distancing, washing hands, and avoiding large gatherings seriously."
128e16,henrymcmaster,"You may never know whose lives you save by wearing a mask and social distancing, but each of them has a family and friends who can be spared the pain of loss if you do. #WearItSC #FightTheSpread #stayhealthysc"
126e16,govparsonmo,"Again, it is critical to understand that the more tests we do, the more positive cases there will be.

By increasing testing, we can continue to slow the spread by identifying positive patients and isolating them as quickly as possible."
127e16,govherbert,We are in close contact with our department of public safety and receiving regular updates. Our hearts break for the family of George Floyd and for his unnecessary death.
129e16,govmlg,"Friendly Monday reminders!

Wear a mask! ‚úÖ 

Avoid groups and close contact with others! ‚úÖ 

Limit outings from home! ‚úÖ 

Every one of us can help slow the spread, save lives and protect New Mexico's economy by making the right individual decisions. #ProtectNM #MaskUp pic.twitter.com/GL1ViiCK1e"
127e16,govherbert,"It is important to note Utah‚Äôs color-coded health risk guidance does not apply to the Navajo Nation. Tribal lands are sovereign, and they make their own policy and health directives. We strongly encourage Utahns living on tribal lands to follow all tribal health directives."
126e16,govparsonmo,"To protect our families, our businesses, and our citizens, we have to ensure access to testing and follow responsible social distancing requirements."
128e16,govnedlamont,"HAPPENING NOW: News briefing to discuss today's #SCOTUS decision rolling back access to birth control under the Affordable Care Act

üì∫WATCH LIVE ‚¨áÔ∏è https://youtu.be/z01EcoaR1kk¬†"
125e16,govmikedewine,"Our WIC professionals are showing up every day to provide mothers and children in need with food, baby formula, counseling, and referrals to programs, such as home visiting."
126e16,govraimondo,"In times of crisis, many of us turn to our faith communities. While this pandemic requires us to limit gatherings to 5 people or fewer, RI's faith leaders are connecting worshipers through virtual and drive-through services in accordance with our public health guidance."
133e16,govnedlamont,"A total of 145 towns and cities in Connecticut are now in the Red Alert Level ‚Äì the highest alert level on the state's weekly COVID-19 map.  To review more specific, town-level data, check out this interactive map:  https://t.co/bilUulkpti  https://t.co/meKEnV6bQc"
132e16,govlarryhogan,"While Maryland‚Äôs 7-day average positivity rate remains stable, 5 jurisdictions are now reporting positivity rates over 5%. We continue to monitor increases in cases per 100K and total hospitalizations. Wash your hands, watch your distance, and #MasksOnMaryland."
13e17,govandybeshear,"This week we lost too many Kentuckians, and families around the commonwealth are grieving their loss. Light your homes green, lift those in need in prayer, and commit to doing the right thing. #TogetherKy  https://t.co/5pxaEwLd8V"
125e16,dougducey,"Thank you for staying home and acting responsibly.

Stay home. Stay healthy. Stay connected. pic.twitter.com/9BSU3QD4re"
129e16,louisianagov,"I have serious concerns about the solvency of the Trust Fund and the need for federal assistance to make sure Louisiana can continue to pay out unemployment benefits. Before the COVID-19 pandemic, our Unemployment Trust Fund was the 17th strongest in the nation. #lagov #lalege"
127e16,govmikedewine,".@OhioBWC's ""Protecting Ohio's Workforce- We've Got You Covered‚Äù program has also sent over 1.5 million face coverings to support and enhance any workforce safety and health efforts businesses already have in place."
127e16,govmurphy,"NEW: Indoor portions of retail shopping malls may REOPEN on 6/29:
üò∑Masks required to be worn
üë•All stores limited to 50% capacity
üçΩÔ∏èRestaurants may provide take-out or outdoor dining
üö´Food court seating and common seating areas remain closed
‚ùåTheaters and arcades remain closed pic.twitter.com/fZ0gMQHynB"
124e16,govhawaii,#Live News Conference: COVID-19 re: 15 days to slow spread of #coronavirus ‚û°Ô∏è http://www.facebook.com/GovernorDavidIge¬†‚Ä¶ pic.twitter.com/srA9ghNMTd
126e16,govnedlamont,"UPDATE: Daily COVID-19 data in Connecticut

- 29,287 people tested positive (+523)
- 2,436 people have died (+97)
- 1,551 patients are currently hospitalized (-41)
- 102,493 tests have been reported to the state (+2,236)

For more data sets, visit  http://ct.gov/coronavirus¬† pic.twitter.com/Jk7hzCPm1r"
122e16,nc_governor,"Come for the $56 million in federal funding to advance our early childhood action plan goals.

Stay for the cute kids. pic.twitter.com/K8W8U5nFnX"
126e16,gavinnewsom,"NEW: CA has 54,937 confirmed cases of #COVID19:
+2.5% from yesterday.

3,284 of those are in hospitals:
-1.0%.

1,179 of those are in the ICU:
+0.9%.

CA is flattening the curve--but we must continue to take this seriously and allow our reopening to be guided by data and science."
126e16,govparsonmo,"I will be giving another COVID-19 update on Facebook LIVE today at 3pm.

Joining me today:
‚Ä¢ Vice President Christine Smith, @pfizer BioTherapeutics Pharmaceutical Sciences
‚Ä¢ Director Dr. Randall Williams, @HealthyLivingMo pic.twitter.com/aMuuBUrAfO"
13e17,asahutchinson,LIVE: Governor Hutchinson Provides COVID-19 Update from Mena (9.11.20):  https://t.co/O1aF4rRfK8
125e16,governorlittle,"This federal funding must be prudently managed on behalf of all taxpayers. The federal funds will not be used to create new government programs in Idaho, and we will uphold our Constitutional mandate to provide a long-term, structurally balanced budget. https://gov.idaho.gov/pressrelease/governor-little-outlines-process-to-ensure-transparency-accountability-in-use-of-federal-funds-to-fight-coronavirus/¬†‚Ä¶"
132e16,govmlg,"Listen to the experts: if New Mexicans do not stay home and limit their interactions with others to slow the spread of COVID-19, our hospitals will be overrun.  We all have to do everything we can to slow the spread of this terrible virus.  https://t.co/t8Am5My0sC"
126e16,holcombforin,"Gov. Holcomb & @StateHealthIN are working hard to fight the spread of the #coronavirus in Indiana and keep vulnerable Hoosiers safe. Stay up to date on the latest news at the Indiana State Department of Health's website:

 https://coronavirus.in.gov¬†"
131e16,govmikedewine,"Additionally, @OHdeptofhealth is awarding $2.6 million in CARES Act funding to agricultural camp operators to improve the health and safety of their worksites and camps to reduce COVID-19 transmission."
124e16,nygovcuomo,"Thank you @nyuniversity. It's all hands on deck.

New York is calling on qualified health care professionals to join our health care reserve. 

Enlist here:  https://health.ny.gov/assistance¬† https://twitter.com/ddiamond/status/1242654452072546304¬†‚Ä¶"
125e16,dougducey,Arizonans‚Äô efforts to physical distance and make responsible choices are working. It‚Äôs critical that we keep those efforts up as we plan for the future and a time when we can begin to return some normalcy to people‚Äôs lives. 4/4
124e16,govricketts,"TODAY: Dr. James Lawler of @unmc and I will be hosting a Facebook Live event at 3:30pm to talk about the science behind the social distancing restrictions that we've put in place in Nebraska due to #COVID19 

Join us here:  https://www.facebook.com/GovernorPeteRicketts/¬†‚Ä¶"
129e16,govchrissununu,"THREAD: This afternoon, I am issuing an Emergency Order to help minimize health and safety concerns around large scheduled events and gatherings, requiring scheduled gatherings of 100+ people to wear masks, effective immediately.  https://t.co/FWKTOFzxgT"
122e16,nygovcuomo,"One year ago today we enacted #GENDA, adding gender identity and gender expression as protected classes under state law, and banned conversion therapy.

NYS will always fight for justice and full equality for the #LGBTQ community! pic.twitter.com/I7Q0LD2gM4"
126e16,governortomwolf,"Masks add another layer of protection to help stop the spread of #COVID19.

It's important that as many people as possible wear masks when leaving home.

And if you're going to a supermarket, pharmacy or other life-sustaining business, you must wear a mask to enter the store. pic.twitter.com/VJ2oXO2TWY"
128e16,govmikedewine,"This virus is real. It is killing our family members, our friends, our co-workers.  We must take the long view in our response and remember that Ohioans have always been a strong, resilient people, who know how to overcome adversity and beat the odds."
128e16,nygovcuomo,"Today's update on the numbers:

63,598 tests were performed yesterday. 831 tests came back positive (1.30% of total).

Total hospitalizations are at 831.

Sadly, there were 9 COVID fatalities yesterday. pic.twitter.com/mvgTEFa7bj"
124e16,wvgovernor,"Update on WV‚Äôs coordinated response to the #COVID2019 disease: as of today, there are no confirmed cases of COVID-19 in WV. We have tested 5 residents for COVID-19; two were negative and three are pending."
131e16,govparsonmo,"We are taking a balanced approach to fighting COVID-19 and continue to go back to our four essential pillars ‚Äì testing, PPE, hospital capacity, and data. I want to reassure everyone that all four of these pillars are stable. #ShowMeStrong  Missouri data:  https://t.co/SouE1rDpG0  https://t.co/VhTz6jhpgf"
129e16,briankempga,"During the press conference, we also discussed:  ‚úÖ Georgia‚Äôs hospitalizations are down by 10% over the past 10 days with plenty of capacity at Piedmont &amp; @GWCC_ATL.  ‚úÖ The curve has flattened on the number of new cases in Georgia and the positivity rate continues to fall."
132e16,govparsonmo,"Since March, my administration has taken numerous actions to respond and adapt to COVID-19, including shipping 194,000 cases of PPE to health care providers."
131e16,govnedlamont,"Today's COVID-19 update in Connecticut (from Fri-Sun):  ‚û°Ô∏è50,333 tests administered; 823 came back positive (1.6% positivity rate) ‚û°Ô∏è129 patients are hospitalized (increase of 19) ‚û°Ô∏èThere were 4 COVID-related deaths over the weekend  For more data, visit  https://t.co/FpgO8VKwjq  https://t.co/6EXJVQw1dl"
129e16,govherbert,"For those with questions about the cost of receiving a COVID-19 test, most people should not have to pay to get one.  https://t.co/vCi2LdEIrh"
125e16,nygovcuomo,"This virus is not an issue of states‚Äô rights.

This is a national disaster.

The states need federal assistance. No state can get all the ventilators they need.

We need a national deployment of resources that follows need."
126e16,govmlg,"Great news from @NMHSD today ‚Äì¬†New Mexicans receiving food assistance will soon be able to use SNAP benefits to purchase groceries online, minimizing person-to-person contact  and slowing the spread of #COVID19. 

More info here:  https://bit.ly/2znPkq8¬† https://twitter.com/NMHSD/status/1258503188073742336¬†‚Ä¶"
126e16,louisianagov,"Today, Gov. Edwards will provide an update on Louisiana's COVID-19 response. Starting this week, the governor will hold media briefings on Monday, Wednesday & Friday until we enter Phase One.#lagov #lalege
‚è∞: 2:45 p.m. 
üé•:  http://Facebook.com/LouisianaGov¬†
üíª:  http://gov.la.gov¬† pic.twitter.com/NB0M0PoI4C"
128e16,govmlg,"Today's #COVID19 update ‚Äì¬†cases continue to rise:

- 257 new COVID-19 cases, totaling 12,776 cases statewide

- Eight additional deaths, bringing the total to 511 deaths statewide

- 130 individuals currently hospitalized with COVID-19

More info here:  https://bit.ly/31I9Z4E¬† pic.twitter.com/22BecIg4mq"
124e16,gregabbott_tx,"Baylor Scott & White Opens Drive-Thru #Coronavirus Testing Sites. 

You will see announcements like this across Texas. 

#COVID19 #txlege https://spectrumlocalnews.com/tx/san-antonio/news/2020/03/17/baylor-scott---white-opens-drive-thru-coronavirus-testing-sites¬†‚Ä¶"
134e16,wvgovernor,"LIVE: Gov. Justice holds press briefing on COVID-19 response - December 7, 2020 #WV #WVGov  https://t.co/Da3JHWwYhA"
132e16,govparsonmo,"COVID-19 isn‚Äôt going away soon, so we must keep pushing forward on ALL fronts while protecting ourselves &amp; others. ‚ÜîÔ∏èSocial distance. üò∑Wear a mask. üßºWash your hands.¬† I cannot emphasize enough how important this STILL is especially now with flu season approaching."
125e16,nygovcuomo,"Geography won't help you.

Rural areas are not immune.

Just as rural New York has been impacted, so will rural America.

This virus affects us all."
128e16,govhawaii,"Three COVID-19 deaths and 86 new cases since Friday renew calls for safe practices in Hawai‚Äòi.

Details: https://governor.hawaii.gov/newsroom/latest-news/hawaii-covid-19-joint-information-center-news-release-3-deaths-86-new-cases-renew-calls-for-safe-practices-july-13-2020/¬†‚Ä¶"
124e16,wvgovernor,"There are currently no confirmed cases of COVID-19 in West Virginia. As of today, West Virginia has tested eight residents for COVID-19, with seven results coming back negative and one test still pending."
126e16,henrymcmaster,"Today is Public Servant Recognition Day, part of Public Servant Recognition Week in South Carolina. This year especially please take a moment to thank the public servants who have worked tirelessly through this pandemic to maintain vital services on which we rely. #TeamSC pic.twitter.com/i9wAodm9ZA"
128e16,nygovcuomo,"Today's update on the numbers:  57,585 tests were performed yesterday. 692 tests came back positive (1.2% of total).  Total hospitalizations are at 841.  Sadly, there were 11 COVID fatalities yesterday.  https://t.co/upSZDaNDMr"
125e16,governorkayivey,"Yes, you can go outdoors to exercise as long as you aren‚Äôt gathering in groups of 10. Parks are still open, but playgrounds are closed. Practice social distancing!"
125e16,governorkayivey,"Each state has to weigh their own set of factors. I‚Äôm in communication with local, state & federal officials on a daily basis. We are taking a measured approach to keep Alabamians healthy, safe & working, wherever possible. #alpolitics #AskGovIvey https://twitter.com/184nosliwae/status/1245762431361724417¬†‚Ä¶"
125e16,govmurphy,"As of 10:00 PM last night, 7,618 residents were reported hospitalized, including #COVID19 positive patients and persons under investigations. 

1,746 of those individuals are in critical care beds, and 1,650 of those individuals are on ventilators."
127e16,governortomwolf,"üö© If you've used up your regular state/federal unemployment benefits then you may be eligible for Pandemic Emergency Unemployment Compensation (PEUC).

PEUC extends your benefits for another 13 weeks at your existing rate.

Find out more and apply today ‚¨áÔ∏è http://pa.gov/guides/unemployment-benefits/¬†‚Ä¶"
133e16,governorlittle,Our veterans bravely encountered bullets and bombs so that you can have the freedom to control your own actions. And your personal actions are the one and only thing that will defend our veterans from succumbing to the enemy virus.  https://t.co/6XSlU4pGxG
124e16,dougducey,"I‚Äôm proud to sign #SB1694, which will expand access to unemployment benefits for individuals throughout AZ affected by #COVID19. This legislation will help Arizonans whose work has been affected by COVID-19 to access benefits they need to get through this difficult time. 1/"
132e16,governortomwolf,"#COVID19 cases are on the rise in PA. For patients worldwide, complications can last long after they are first diagnosed.   We must be cautious: Keep physical distancing, avoid large crowds and ‚Äî perhaps most importantly ‚Äî wear a mask when out in public.  https://t.co/EFzuSTCfNR"
127e16,govnedlamont,"This partnership, with the support of charitable funding from the philanthropic community through @4_connecticut, will support Connecticut residents who are otherwise excluded from receiving desperately needed federal COVID-19 emergency relief assistance. https://portal.ct.gov/Office-of-the-Governor/News/Press-Releases/2020/06-2020/Governor-Lamont-Announces-Partnership-to-Support-Vulnerable-Residents¬†‚Ä¶"
125e16,govmurphy,"UPDATE: We‚Äôve received 4,247 new positive #COVID19 test results, pushing our state total to 99,989.

Of the nearly 100,000 total cases we‚Äôve reported since our first positive case on March 4th, roughly 46,000 of these individuals have now exited the two-week incubation window. pic.twitter.com/pZ6cCYz8ix"
13e17,dougducey,"Just like COVID-19, there are simple things we can do to prevent the spread of influenza:   ‚û°Ô∏è Wash your hands ‚û°Ô∏è Mask up ‚û°Ô∏è Stay physically distant ‚û°Ô∏è Stay home when sick  AND of course, boost your immune system by rolling up your sleeve and getting a flu shot. 4/"
134e16,governortomwolf,"Our health care workers put their lives on the line to take care of Pennsylvanians.  All they ask in return is that we take COVID seriously and follow simple precautions ‚Äî stay home as much as possible, wear masks, and practice good health habits.    https://t.co/ABrckLf31k"
124e16,govnedlamont,Today @CTBanking issued a memo advising the financial services sector that it will take a no action position with regard to employees working from home who otherwise would be required to work from a licensed branch location. https://portal.ct.gov/Office-of-the-Governor/News/Press-Releases/2020/03-2020/Governor-Lamont-Provides-Update-on-Connecticuts-Coronavirus-Preparedness-and-Response-Efforts¬†‚Ä¶
128e16,govmikedewine,"Remember, we wear masks to protect each other, often because people are sick, but show no symptoms.  Masks can be especially useful and are strongly recommended at any grade level during periods of increased risk and when physical distancing is difficult."
126e16,governorlittle,"Health and the economy are not mutually exclusive ‚Äì they are interconnected. Prosperity and safety are linked. Protecting other citizens is the right thing to do, and our economic rebound depends on it. https://gov.idaho.gov/pressrelease/opinion-idahos-economic-rebound-hinges-on-the-safety-and-confidence-of-consumers-and-employees/¬†‚Ä¶"
128e16,govlarryhogan,"Marylanders who have recovered from #COVID19 can join the fight against this deadly virus by donating plasma.

Learn more from @US_FDA:  https://www.fda.gov/emergency-preparedness-and-response/coronavirus-disease-2019-covid-19/donate-covid-19-plasma¬†‚Ä¶

Join the CovidCONNECT platform to access resources for recovered Marylanders:  https://health.maryland.gov/covidconnect/Pages/Home.aspx¬†‚Ä¶"
127e16,wvgovernor,"LIVE: Justice Administration holds press briefing on COVID-19 response - June 17, 2020. For more information about #COVID19, call the State‚Äôs toll-free hotline at 1-800-887-4304 or visit  http://Coronavirus.wv.gov¬†. #WV #WVGov https://www.pscp.tv/w/cbjyjzFQWEVkTnBwb3lLZXZ8MWVhS2J6RURka3FLWG_inmgXGsmIu9a72KDg3KmAqKylvdPM7FD-fC82kR3O¬†‚Ä¶"
126e16,nygovcuomo,We lost 84 New Yorkers to COVID-19 yesterday. By any normal standard this is a hideous number. But we are thankful this number has fallen below 100 for the first time since late March.
132e16,govphilscott,"Vermonters have stepped up to suppress this virus, helping us beat even the best-case scenarios modeled this spring. With recent outbreaks, we're predicting an uptick in cases over the next month. But if we redouble our efforts, we can change our trajectory again.  https://t.co/O2fDKUrH7z"
129e16,govlarryhogan,.@USATODAY | Hogan: Governors like me rely on experts for COVID facts. Dr. Fauci has never let me down.   https://t.co/iWVCHWlxFE
125e16,governorgordon,"Wyoming recorded it's 200th confirmed case of COVID-19 today, but we know that there are many more untested Wyomingites who have the virus. Keep yourself and your family safe and our healthcare workers protected by staying home and social distancing. #StayHomeStayHealthy pic.twitter.com/Ubl9IBo9hp"
125e16,dougburgum,"Gov. Walz and I also agreed, for the health and safety of our citizens, they should avoid all nonessential travel. Stay home, stay healthy, and stay connected. (2/2)"
132e16,govinslee,We know how to prevent the spread of COVID-19.   We know the stakes if we don‚Äôt.   ‚û°Ô∏è Wear a mask. ‚û°Ô∏è Stay 6 ft. apart. ‚û°Ô∏è Keep your social circle small and interactions short. ‚û°Ô∏è Wash your hands.  https://t.co/CS90nx22tv
127e16,govphilscott,"This includes the resumption of additional close contact businesses, dental procedures, businesses that require work in the home, and of limited overnight youth summer camp programming. 2/7"
125e16,govmlg,"STAY. HOME. We are still in this fight.

Please, protect yourself and your community ‚Äì stay home to slow the spread of COVID-19.

#StayHomeSaveLives #AllTogetherNM pic.twitter.com/AbpMfi1D5U"
127e16,govparsonmo,"During Phase 1, we have especially ramped up our focus on COVID-19 testing. As I have said many times, testing will be the key to Missouri‚Äôs full economic recovery.

The more testing we do the more confidence & reassurance we can give Missourians that it IS okay to move forward. pic.twitter.com/FRovygNkS7"
126e16,govparsonmo,"Testing is CRITICAL to Missouri‚Äôs full economic recovery and can give Missourians more confidence.

üö®üö®Our goal within the next week is to increase testing to 7,500 tests per day. üö®üö®
 https://governor.mo.gov/press-releases/archive/governor-parson-emphasizes-importance-covid-19-testing-economic-recovery¬†‚Ä¶"
126e16,governorkayivey,It is now time that we move forward & further open our state & live with the new normal of incorporating #COVID19 precautions into our routine. #TogetherAL 5/6
127e16,govmlg,"ICYMI: Good news, New Mexico! Breweries will be able to operate at 50% of capacity on the patio as of today & may begin indoor service on Monday.

COVID-safe practices MUST be abided by in order to prevent the spread of the virus & keep New Mexicans safe. https://bit.ly/2AjIXFv¬†"
128e16,govinslee,"Mask up to show respect for the people around you. 
Mask up to protect front-line workers.
Mask up to open up.

#MaskUpWA https://twitter.com/YakimaCityFire/status/1278105779162058752¬†‚Ä¶"
129e16,govchrissununu,"To review, here's what you can expect if a COVID case is identified within the school.  https://t.co/hmE5J28JKN"
133e16,govmlg,"Today New Mexico hits reset, re-enacting the most heightened level of statewide public health restrictions to slow the spread of COVID-19 &amp; save lives.  We face a life-or-death situation and we cannot fail to act.  Together we can slow the spread and come through the other side.  https://t.co/lT8kpdjZk2"
132e16,govinslee,"This Halloween, the scariest mask is no mask at all.   It doesn‚Äôt matter if you are in public or at home - mask up anytime you‚Äôre around other people.   #MaskUpWA"
127e16,govmikedewine,"Here are the latest #COVID19 pop-up testing sites brought to you by our Minority Health Strikeforce, @OHNationalGuard, and local partners. pic.twitter.com/TI1tziM4mI"
124e16,dougducey,NEW: We‚Äôre making available new dollars to help Arizonans struggling to make rent. $5 million will be available starting Monday so that families can rest assured that their home is safe in this uncertain time. MORE:  https://azgovernor.gov/governor/news/2020/03/governor-ducey-announces-new-dollars-rental-assistance¬†‚Ä¶ #COVID19
122e16,govevers,"When elected officials can rely on the safety of their seats and not the quality of their work, folks, something's wrong. Let's work together to make our democracy stronger and our elections fairer. 2/2"
128e16,govmikedewine,"‚û° @LtGovHusted: Convalescent plasma, which is plasma from recovered #COVID19 patients, is rich in antibodies that could possibly attack the virus that causes COVID-19. It shows promise to lessen the severity or shorten the length of COVID-19."
128e16,asahutchinson,LIVE: Governor Hutchinson Provides COVID-19 Update (7.7.20): https://youtu.be/MmWmUIioBd4¬†
129e16,louisianagov,"Louisiana remains in Phase Two with the statewide mask mandate, closure of bars to on-premise consumption, and limit on gatherings of more than 50 people through August 28.   We've got a long way to go in the fight against COVID-19, but I'm confident we will get there. #lagov  https://t.co/xaZgrr3fhl"
133e16,govphilscott,"Thread re today's media briefing: We continue to see a rise in COVID cases in Vermont, up from an average of 25 cases per day last week to 72 cases reported on Wednesday, 109 on Thursday and 84 today, despite our recent steps to slow the spread. 1/"
127e16,asahutchinson,I‚Äôm holding a news conference at 1:30pm to provide a COVID-19 update. You can watch here: https://youtu.be/I0eK7YO5Y6s¬†
131e16,govmurphy,"UPDATE: If you're traveling to NJ from the following states and territories, you should self-quarantine for 14 days:   AL, AK, AR, CO, DE, FL, GA, GU, ID, IL, IN, IA, KS, KY, LA, MN, MS, MO, MT, NE, NV, NC, ND, OK, PR, RI, SC, SD, TN, TX, UT, WV, WI, WY    https://t.co/Z3gW60WVSi  https://t.co/rpylJgnnFR"
127e16,govstitt,Yesterday I amended EO 2020-20 to allow for visitations of long-term care facilities & nursing homes to resume in a phased approach starting on Monday. https://www.governor.ok.gov/articles/press_releases/governor-stitt-announces-guidance-for-safe-nursing¬†‚Ä¶
13e17,governortomwolf,"We're still learning about the long-term complications of #COVID19.  To protect ourselves and others, we must take this seriously. Keep your distance from others, wear a mask, and stay home if you're sick.  https://t.co/REO16FihKg"
128e16,govnedlamont,"Today's COVID-19 update in Connecticut:

‚û°Ô∏è12,338 tests were administered and 106 came back positive (0.8% positivity rate)
‚û°Ô∏è67 patients are hospitalized (increase of 1)
‚û°Ô∏èThere have been 8 COVID-related deaths reported

For more data, visit  http://ct.gov/coronavirus¬† pic.twitter.com/dRNQ6zsGc5"
127e16,nc_governor,"I know people are tired of this virus. It‚Äôs been hard on everyone. But it is still deadly, and we cannot let our guard down. Slowing the spread is up to every one of us, every time we leave home ‚Äì so practice the Three Ws."
128e16,govmurphy,"This isn‚Äôt a drill. This is a real battle to save lives.

That‚Äôs why, across our restart, we‚Äôre ensuring social distancing, requiring face coverings and masks, and putting strong cleaning and hygiene protocols in place."
128e16,oregongovbrown,"Many will continue to attack and try to chip away at reproductive rights. Here in Oregon, I will continue to defend access to the full complement of reproductive health care services for all."
133e16,gregabbott_tx,We celebrate #VeteransDay with gratitude for all who have served‚Äîincluding my brother (below) who served in the Navy for 20 years.  America is the land of the free because we are the home of the brave.  Our Veterans served in the mightiest military in the history of the world.  https://t.co/cYVmrD6NOf
126e16,govrondesantis,"Florida has done better than anyone predicted. We have a big, diverse state that requires a tailored and measured approach. Data and science have helped us flatten the curve in a safe way. pic.twitter.com/x3VGLGjlE4"
127e16,asahutchinson,LIVE: Governor Hutchinson Provides COVID-19 Update from Hot Springs (6.16.20): https://youtu.be/QfjVR7lRaFU¬†
124e16,oregongovbrown,"@ORemployment has doubled the number of employees working on unemployment claims to reduce wait times, and have enacted temporary rules to help more Oregonians affected by COVID-19 business closures. Learn more here:  https://govstatus.egov.com/ORUnemployment_COVID19¬†‚Ä¶"
129e16,asahutchinson,"Today we received a donation of 10,000 N95 masks from President Tsai Ing-wen‚Äôs government in Taiwan, in addition to their donation of 100,000 in May. We are grateful to President Tsai for her administration‚Äôs generosity and assistance during the COVID-19 pandemic."
128e16,nygovcuomo,"Today's update on the numbers:  51,687 tests were performed yesterday. 557 tests came back positive (1.08% of total).  Total hospitalizations fell to 792.  Sadly, there were 10 COVID fatalities yesterday.  https://t.co/4lrtjaebu0"
13e17,nygovcuomo,"Today's update on the numbers:  Of the 62,031 tests reported yesterday, 408 were positive (0.66% of total).  Total hospitalizations are at 482.  Sadly, there were 7 COVID fatalities yesterday.  https://t.co/shuwe17iOA"
129e16,nygovcuomo,New York State tested every incarcerated individual in @NYSDOCCS facilities aged 55 and over.  1.9% of those tested were positive for COVID ‚Äî all of whom were asymptomatic.  We are committed to ensuring the safety of every facility.
13e17,govparsonmo,We are excited to share some BIG NEWS today regarding COVID-19 testing.   A new saliva-based COVID-19 test developed in Missouri has JUST been approved for use by the FDA.
132e16,govevers,"Wear a mask, stay home, avoid gatherings with folks who are outside your household, and take every precaution to prevent yourself and your loved ones from getting and spreading #COVID19."
127e16,govkristinoem,"The mainstream media attack those who push for Freedom and for people to make the best decisions for their families. But politicians who take away Freedom get praised and shielded from real scrutiny.

What does this say about the state of our media? pic.twitter.com/0NJPttZP2h"
128e16,govmlg,"Today's #COVID19 update:

- 225 new COVID-19 cases, totaling 11,408 cases statewide

- Four additional deaths, bringing the total to 489 deaths statewide

- 128 individuals currently hospitalized with COVID-19 statewide

More info here:  https://bit.ly/3eye3rE¬† pic.twitter.com/QXjP4QVgYN"
125e16,nygovcuomo,"Now more than ever, government needs to deliver results for the people.  

2021 budget highlights:

‚Ä¢Enacts Paid Sick Leave
‚Ä¢Legalizes gestational surrogacy 
‚Ä¢Enacts first-in-nation domestic terrorism law 
‚Ä¢Caps insulin co-pays
‚Ä¢Permanent fracking ban
‚Ä¢Bans Styrofoam"
125e16,nygovcuomo,"I asked Chris to join us this morning. 

Christopher is fighting hard.

I‚Äôm so proud of him for showing New York what this vicious virus looks like and for demystifying it.

Love you, little brother. #NewYorkTough pic.twitter.com/NjSWEbBnU9"
129e16,govhawaii,RT @HawaiiFloodPlan: #BePrepared Homeowner's Handbook -  https://t.co/9p9VmBG1fZ DOWNLOAD your copy today.  Retrofit Options: Almost every home in #Hawaii can be strengthened for hurricanes.  The @UHSeaGrant handbook covers retrofit measures.  #HawaiiNFIP #Waihalana #NFIP
133e16,govmikedewine,"Ohio‚Äôs #healthcare workers are fighting heroically to save lives. The precautions you take ‚Äì wearing a mask, avoiding gatherings, washing hands, and practicing social distancing ‚Äì can help reduce the stress on our #healthcare system &amp; staff. üò∑ #MasksOnOhio  https://t.co/giGJLNKBvk"
128e16,nygovcuomo,"Today's update on the numbers:

61,906 tests were performed yesterday. 616 tests came back positive (0.99% of total).

Total hospitalizations fell to 869.

Sadly, there were 5 COVID fatalities yesterday. pic.twitter.com/l9XHU0kbpN"
133e16,govlaurakelly,Join me today on Facebook Live at 4 pm for the latest on COVID-19 in Kansas and what my administration is doing to protect the health of Kansans and the economy.  https://t.co/V3NIOvt1DP
133e16,nc_governor,"As of today, we have 297,442 cases; 2,582 new cases reported since yesterday; 1,230 people in the hospital, and sadly 4,660 people who've died. As the number of people lost to COVID increases, I know people are grieving, and I continue to think about them as we battle this virus."
126e16,massgovernor,"Our first-in-the-nation Community Tracing Collaborative with @PIH is doing important work to connect with confirmed #COVID19MA cases and their closes contacts to help them with next steps + collect crucial data

üìûAnswer the call from the MA COVID Team

üíª  http://www.mass.gov/MAtracingteam¬† pic.twitter.com/rSQDrqprNT"
125e16,govmurphy,"üö®We NEED more medical volunteers.

@NJDeptofHealth has an immediate need for people with experience as a Chief Nursing Officer or Chief Medical Officer to help lead our field medical stations. We also need physicians and respiratory therapists.

Visit:  http://covid19.nj.gov/volunteer¬† pic.twitter.com/Dl425Gdxut"
124e16,dougducey,Arizona Department of Health Services Director Dr. Cara Christ with the latest on #COVID19. @AZDHS @DrCaraChrist pic.twitter.com/5sJvBgB7wb
128e16,govparsonmo,"Again, when we talk about COVID-19 in Missouri, you CANNOT only look at the number of new cases alone.  You have to take into account the overall growth rate, positive rate, hospitalizations, ICU beds, ventilators, etc."
124e16,asahutchinson,LIVE: Governor Hutchinson Signs Legislation Establishing the COVID-19 Rainy Day Fund https://www.youtube.com/watch?v=FiSqT5aAYY4¬†‚Ä¶
124e16,asahutchinson,LIVE: Governor Hutchinson to Provide COVID-19 Update to Media (03.18.20) https://youtu.be/cw3WjhURu4o¬†
124e16,govmikedewine,"‚û°Ô∏è @DrAmyActon: ""I need you to wash your hands right now.""

If you're not sure if you're washing your hands thoroughly enough, watch below. 

‚¨áÔ∏è‚¨áÔ∏è‚¨áÔ∏è‚¨áÔ∏è
#COVID19
#COVID19OhioReady https://twitter.com/OHdeptofhealth/status/1236350905550876672¬†‚Ä¶"
126e16,governorbullock,"As we gradually and responsibly reopen our state, we need to keep the virus suppressed - and ramping up our testing capacity is critical. https://helenair.com/news/local/watch-this-state-to-test-all-nursing-home-residents-sets-monthly-testing-target/article_1c9eb9dd-fa44-5e89-830e-ad36b3298c96.html¬†‚Ä¶"
125e16,govparsonmo,Media will be required to abide by the social distancing guidelines outlined in the ‚ÄúStay Home Missouri‚Äù Order.
126e16,asahutchinson,"In the past two days, the fastest rate of increase in our number of COVID cases has been amongst those who are 18-24 years & those over 65. As the weather improves, it can be tempting to neglect @ADHPIO guidance, but we must continue to wash hands & social distance."
13e17,dougducey,"#COVID19 update:  ‚úÖ Rt lowest in US ‚úÖ Percentage of inpatient visits w/ COVID-like illness has dropped 8 consecutive wks ‚úÖ # of inpatient #COVID19 patients is at 768, ‚¨áÔ∏è by approx. 67% from July 30 ‚úÖ # of ventilators in use by COVID patients is at 152, ‚¨áÔ∏è by 70% from July 30"
126e16,govevers,"We‚Äôve got some great businesses in Wisconsin and we all are eager to get back to our favorite spots, but consumers need to be confident in their safety when they return. That's why WEDC put together industry specific tools for businesses, find them here:  https://wedc.org/reopen-guidelines/¬†‚Ä¶"
127e16,govmurphy,"NEW: NJ has 606 new confirmed positive cases of #COVID19, pushing our total to 163,893. Of those cases:

‚û°Ô∏è1,882 are in hospitals

‚û°Ô∏è539 are in critical or intensive care

‚û°Ô∏è385 are on ventilators

Sadly, we‚Äôve lost 60 more New Jerseyans, pushing our total to 12,106 lives lost. pic.twitter.com/tdX7Cf3W7y"
132e16,govmikedewine,They also report that they have a number of cases from long-term care facilities but that much of the spread in the community is coming from people getting together with friends.
124e16,govandybeshear,Latest COVID-19 patients in Jefferson and Fayette counties with a second case in Harrison County.  https://go.usa.gov/xdAJ7¬† #COVID19 pic.twitter.com/nbKJxTp3h8
124e16,govbilllee,Unified Command has quickly addressed the Gallatin Center for Rehabilitation COVID-19 Outbreak - read more about steps taken to¬†work with local partners and keep residents safe. https://www.tn.gov/governor/news/2020/3/29/covid-19-unified-command-action.html¬†‚Ä¶
131e16,govmikedewine,"This virus is an enemy of our freedom. And by doing these things to fight back against it, we'll keep our kids in school and our economy moving forward. All of us working together will allow us to live with this virus until the time when it is gone."
127e16,governorgordon,"I'm holding a media briefing at 3 pm today, May 27, to provide a COVID-19 update and discuss the status of large events in Wyoming this summer. Watch live on @WyomingPBS television, Facebook and YouTube. https://www.youtube.com/watch?v=W2iOYwXMkFk¬†‚Ä¶"
124e16,govherbert,"In accordance with recommendations @POTUS made on Monday, March 16, the order also prohibits gatherings of more than ten people."
122e16,holcombforin,Distracted driving increases the risk of a crash by more than 3 1/2 times! It's time for Indiana to join 21 states in passing a hands-free driving law. üöó üìµ #INSOTS #NextLevel pic.twitter.com/mN5gDApWQ3
132e16,gavinnewsom,"CA is better positioned than ever to find, track, and isolate #COVID19.  Averaging 125,000 tests per day.  90% receive results within 24-48 hours.  Over 10,000 contact tracers at work.  95% of local health departments are beginning contact tracing the same day as the test result."
125e16,govinslee,"Coach Mark Few led @ZagsBB to an incredible season. Now he's helping lead the fight against COVID-19.

Stay home. Stay healthy.  
#WeGotThisWA #GoZags pic.twitter.com/e6AmCUmuAS"
127e16,govlarryhogan,"Today at 4 p.m., I will hold a press conference to discuss the death of George Floyd and the peaceful protests in Baltimore City, as well as progress on COVID-19 testing and the #MarylandStrong Roadmap to Recovery. pic.twitter.com/vaR5AFDc3W"
123e16,govmikedewine,"With @MayorGinther and @Schwarzenegger on the phone talking about safety measures at the Arnold in light of COVID-19. For the safety of all, the event will be limited this year. pic.twitter.com/rCaeRzbPRW"
125e16,govparsonmo,"Throughout our COVID-19 response, we have been in constant communication with doctors, hospitals, health care providers & public health experts across Missouri. Based on recent data, the common theme is that Missouri is beginning to stabilize and flatten the curve of COVID-19."
129e16,holcombforin,"Wearing a mask is a simple, effective & scientifically proven way to stop the spread of #COVID19. Let's look out for our fellow Hoosiers and #MaskUp. https://www.indystar.com/story/news/health/2020/07/22/mask-safety-indiana-health-officials-reassure-hoosiers-masks-safe/5489597002/?fbclid=IwAR0gHPQZDM2fbxHYhxELE9qaKyzpeprHOR4ED8fA6UhqWmV6ljgf37gOq-0¬†‚Ä¶"
129e16,govmurphy,Senate Republican Leader Mitch McConnell sent the Senate home for the weekend without taking any action to renew federal unemployment benefits for millions of families.  Completely irresponsible and a dereliction of duty.  @senatemajldr: Get back to Washington. Get. This. Done.
126e16,governortomwolf,"I won't sit back and watch residents who live in counties under Stay at Home orders get sick because local leaders cannot see the risks of #COVID19 and push to reopen prematurely.
 
Today I am announcing consequences for counties that do not abide by the law to remain closed."
124e16,govmikedewine,#Ohio's confirmed #COVID19 cases by county. pic.twitter.com/rLhQCGWirr
128e16,govmikedewine,"üèà@LtGovHusted: Today, we are launching the #IWantASeason Campaign. This is a way for #Ohio athletes to take to social media to tell their friends that ‚ÄúI am wearing a mask -  I am practicing social distancing - I am washing my hands - and I‚Äôm doing it because I Want a Season.‚Äù  https://t.co/3B8kykDK7D"
125e16,asahutchinson,(1/3) Our current number of COVID-19 cases in Arkansas is lower than the projected number of cases provided by @ADHPIO last week. pic.twitter.com/cTHvDfxD13
125e16,asahutchinson,I encourage Arkansans to join me in following @CDCgov guidelines & wearing a mask outside of your home to stop the spread. Jennifer is normally the 1st person guests greet when they visit my office. She showed off her mask today & encourages others to join. Get creative & share! pic.twitter.com/bZZGfwx3rT
129e16,govmikedewine,"Lawrence County‚û°Ô∏èRed Alert Level 3.  Over past 14 days, 74 cases have been identified in Lawrence County which represents 46% of the county‚Äôs total cases since the beginning of the pandemic. The county exceeds the ‚Äúhigh incidence‚Äù category for #COVID19 cases as defined by @CDCgov pic.twitter.com/zwyNffXI1r"
124e16,govlaurakelly,"The health and safety of all Kansans is our highest priority. For information regarding COVID-19, please go to the @KDHE website,  http://kdheks.gov¬†, follow KDHE social media accounts or use the contact below. pic.twitter.com/pez8zlqims"
126e16,nygovcuomo,"We now have more testing capacity than New Yorkers are using.

We need to use our full testing capacity as we reopen.

If you have COVID symptoms or have been in contact with someone with COVID ‚Äî get a test."
126e16,govparsonmo,"On this dashboard, you can see interactive data on everything from COVID-19 cases to testing numbers, positivity rate, deaths, and hospitalizations. pic.twitter.com/qbGN0SQaJn"
124e16,govmurphy,Governor Murphy Holds Coronavirus Briefing https://www.pscp.tv/w/cUEJSzFvTlFscGRXQVd6UXd8MWdxeHZFQlhQbU9KQr1GQ-EflLlMsN4BgO4W8DX3IID9fwBZvrM7qUicUa0W¬†‚Ä¶
131e16,govbilllee,"TN will receive our first shipment of 150,000 BinaxNOW rapid tests next week, which will help protect our vulnerable populations and support in-person learning. We're grateful to the Trump Administration for securing these tests and their partnership in our fight against COVID-19"
122e16,nygovcuomo,"New York State still has zero confirmed cases of the 2019 novel #coronavirus, but we are continuing to take every precaution necessary to ensure the safety of New Yorkers. 

Call 1-888-364-3065 with questions or concerns about travel or symptoms."
123e16,govbilllee,"Surreal damage in a Nashville neighborhood.

If your family needs a safe place to go after last night's storms, the @RedCrossTN is on hand to help:  https://bddy.me/2x8tztB¬†. pic.twitter.com/YzNUTgUW8U"
125e16,nygovcuomo,"Today is #CensusDay.

Completing the Census is safe and easy.

You can fill it out online without leaving your house.

Let's make sure every single New Yorker is counted. #GetCountedNY

Do it today:  http://my2020census.gov¬†"
132e16,louisianagov,I am deeply grateful to Col. Reeves for his decades of dedicated service as the consummate law enforcement professional committed to serving and protecting the people of Louisiana. Public safety has always been his highest priority. #lagov
132e16,govmlg,Stay home.  Wear your mask.  Do not gather in groups outside of your own household.  Protect yourself and your fellow New Mexicans.
125e16,govparsonmo,"This order expires on Monday, April 6, and we will be updating that at tomorrow‚Äôs briefing. 

The bottom line is, EVERYONE should be staying home as much as possible. 

You are NOT ‚Äústuck‚Äù at home. You are SAFE at home."
128e16,govandybeshear,"(1 of 2) I just learned the attorney general is asking the Boone Circuit Court judge to void every COVID-19 rule or regulation, and prevent any future orders needed to respond to escalating cases."
122e16,henrymcmaster,"I ask that we dedicate at least $60 million in new dollars to law enforcement, public safety and first response agencies for recruitment and retention.  https://governor.sc.gov/sites/default/files/Documents/Executive-Budget/FY21%20Executive%20Budget.pdf¬†‚Ä¶ pic.twitter.com/wmkdTePwQT"
132e16,massgovernor,"On days like today, wearing a mask not only helps stop #COVID19MA spread, but it helps us stay warm, too.  Remember to #MaskUpMA!  ‚ùÑÔ∏è  https://t.co/Ltq8hSlzaG  https://t.co/TeTiXLeiUr"
132e16,govparsonmo,Missouri has one-stop-shop for the state‚Äôs COVID-19 data.  We encourage Missourians when looking at data to follow the past 7-day trends and review how these trends have changed over time to get a better sense of COVID-19‚Äôs impact in the state.  https://t.co/k6G9rMRWB9  https://t.co/8XvthOZijH
128e16,governortomwolf,Masks are now required in all public spaces in Pennsylvania.  https://t.co/VXoZTqWWNK
122e16,asahutchinson,"Our state & local emergency managers were busy last night responding to reports of storm damage.  7 tractor trailer rigs were blown over on I-40.  Over 40,000 without power.  Stay safe everyone & we appreciate the power crews still at work."
124e16,govmurphy,"Anybody who has a ‚Äúcorona party‚Äù in New Jersey ‚Äì we will crash your party. And you will pay a big price for that.

Stay home. Be smart."
128e16,govmlg,"Today's New Mexico #COVID19 update:

- 280 new COVID-19 cases, totaling 16,736 cases statewide

- Four additional deaths, totaling 569 deaths statewide

- 160 individuals currently hospitalized with COVID-19

More info here:  https://bit.ly/397oPmX¬†
#MaskUp #ProtectNM pic.twitter.com/fM0SHkfNlB"
131e16,govparsonmo,Teresa and I join Missourians and the nation in wishing President Donald J. Trump and First Lady Melania well as they navigate COVID-19 recovery.   Our prayers are with them always.
126e16,govricketts,WATCH as Gov. Ricketts declares #NationalHospitalWeek and provides more information about contact tracing. https://youtu.be/qvlHgOUG84o¬†
128e16,dougducey,"Testing is available at sites across Arizona.

Find #COVID19 testing sites along with hours of operation, contact information, pre-registration requirements and more: http://azhealth.gov/testing¬†"
124e16,governorlittle,"I will host a press conference Thursday, March 19, 2020, at 5 p.m. MST to update Idahoans on community spread of the novel coronavirus. 

The press conference will be streamed to the public through Idaho Public Television  https://www.idahoptv.org/shows/idahoinsession/governor/¬†‚Ä¶."
133e16,govmikedewine,"On the International Day of Persons with Disabilities, I want to remind everyone that there are times when someone with a disability might not be able to wear a mask ‚Äì for example, a person who has trouble breathing or someone who cannot remove a face mask without assistance."
128e16,govmikedewine,"Wearing a mask is about protecting others. If you have #COVID19, a face covering will help reduce the chance that you will pass it on to someone else. It's that simple. #MaskUpOhio #StaySafeOhio #InThisTogetherOhio #ResponsibleRestartOhio pic.twitter.com/VcZiw2XqEC"
